play_time,train_time,write_to_file, total_time
235.2595875263214,3.1367945003509523,3.049198090235392,75,0
